{"parameters": {"nb_grains": 5, "grain": {"npts": 4, "radius": 0.07, "roughness": 1}, "epsilon": 0.0004900000000000001, "dx": 0.014000000000000002, "dtheta": 0.2, "beta_range": [10, 100], "time_steps": 1500, "gravity": [0.0, -1.0]}, "box": "POLYGON ((-0.8000000000000000 -0.8000000000000000, 0.8000000000000000 -0.8000000000000000, 0.8000000000000000 0.8000000000000000, -0.8000000000000000 0.8000000000000000, -0.8000000000000000 -0.8000000000000000), (-0.5000000000000000 -0.5000000000000000, 0.5000000000000000 -0.5000000000000000, 0.5000000000000000 0.5000000000000000, -0.5000000000000000 0.5000000000000000, -0.5000000000000000 -0.5000000000000000))", "grains": ["POLYGON ((-0.0505893962426643 0.1864987364726718, -0.0417068545200734 0.2884887776897749, -0.1270841246741804 0.2770001162161375, -0.1060439055761568 0.1449538871197696, -0.0505893962426643 0.1864987364726718))", "POLYGON ((0.3257395785519570 0.0393933115398592, 0.2946384269723356 0.0317179352820784, 0.2173291352812188 -0.0788607083019808, 0.3019944524998531 -0.0940386934929717, 0.3257395785519570 0.0393933115398592))", "POLYGON ((-0.4367628797636458 0.2001287706700052, -0.4684401804701213 0.1327512692797901, -0.3557282144058093 0.1047340472123061, -0.3619300285396166 0.1837586462296369, -0.4367628797636458 0.2001287706700052))", "POLYGON ((-0.0612577356308343 -0.0174637421666404, -0.0215709603561553 0.0930537250271851, -0.1054578179153458 0.0870091420735768, -0.1401651360540533 -0.0262180151585919, -0.0612577356308343 -0.0174637421666404))", "POLYGON ((0.0788558206546187 -0.2510485951411611, 0.0385533233503754 -0.1836819165189488, -0.0201086971224972 -0.2654958171527489, 0.0638019236727745 -0.3071900325446681, 0.0788558206546187 -0.2510485951411611))"]}