{"parameters": {"nb_grains": 5, "grain": {"npts": 4, "radius": 0.07, "roughness": 1}, "epsilon": 0.0004900000000000001, "dx": 0.014000000000000002, "dtheta": 0.2, "beta_range": [10, 100], "time_steps": 15000, "gravity": [0.0, -1.0]}, "box": "POLYGON ((-0.8000000000000000 -0.8000000000000000, 0.8000000000000000 -0.8000000000000000, 0.8000000000000000 0.8000000000000000, -0.8000000000000000 0.8000000000000000, -0.8000000000000000 -0.8000000000000000), (-0.5000000000000000 -0.5000000000000000, 0.5000000000000000 -0.5000000000000000, 0.5000000000000000 0.5000000000000000, -0.5000000000000000 0.5000000000000000, -0.5000000000000000 -0.5000000000000000))", "grains": ["POLYGON ((0.3241911678573207 -0.2726325653629857, 0.3176734111204619 -0.3363138996995161, 0.4170091643366881 -0.3965515410030651, 0.4094602208179785 -0.3660163084726215, 0.3241911678573207 -0.2726325653629857))", "POLYGON ((-0.1263337270351306 -0.4709443363646340, -0.0617366690304495 -0.4523330775823760, -0.0392774932878974 -0.3568471122276111, -0.1308422299262241 -0.3709748751950561, -0.1263337270351306 -0.4709443363646340))", "POLYGON ((-0.3248609501620602 -0.4150470828633810, -0.2895020970439092 -0.4937812026581825, -0.2298889553459537 -0.4837684198524814, -0.2080885497169148 -0.4179158614874365, -0.3248609501620602 -0.4150470828633810))", "POLYGON ((0.1613426489598181 -0.3866776881226272, 0.0960229283279824 -0.4614012561501708, 0.0802299446897047 -0.4866250559886051, 0.1967590614651457 -0.4793260657730779, 0.1613426489598181 -0.3866776881226272))", "POLYGON ((0.0474291214282167 -0.4662284441172159, 0.1069359950241690 -0.4306047443450555, 0.0719253680852276 -0.3486073522626052, -0.0369201744651748 -0.3696700300859554, 0.0474291214282167 -0.4662284441172159))"]}