{"parameters": {"nb_grains": 35, "grain": {"npts": 6, "radius": 0.07, "roughness": 0.8}, "epsilon": 0.0004900000000000001, "dx": 0.014000000000000002, "dtheta": 0.2, "beta_range": [30, 1000], "time_steps": 105000}, "box": "POLYGON ((-0.8000000000000000 -0.8000000000000000, 0.8000000000000000 -0.8000000000000000, 0.8000000000000000 0.8000000000000000, -0.8000000000000000 0.8000000000000000, -0.8000000000000000 -0.8000000000000000), (-0.5000000000000000 -0.5000000000000000, 0.5000000000000000 -0.5000000000000000, 0.5000000000000000 0.5000000000000000, -0.5000000000000000 0.5000000000000000, -0.5000000000000000 -0.5000000000000000))", "grains": ["POLYGON ((0.2338678472265426 -0.0176725160496290, 0.2687471138984832 0.0065778098258970, 0.2523261521337719 0.1030944348677658, 0.2142565528012603 0.0888680144972712, 0.1659342894785731 0.0523193438949978, 0.1888180685275833 -0.0158901425180839, 0.2338678472265426 -0.0176725160496290))", "POLYGON ((-0.4178252407301411 -0.1848061410064429, -0.3870575972191462 -0.2080636912470994, -0.3167133719984356 -0.2351275337171124, -0.2703752192340332 -0.1685279958514540, -0.3083543051210281 -0.1216518275988378, -0.3754229900069390 -0.1179346700158949, -0.4178252407301411 -0.1848061410064429))", "POLYGON ((-0.3499600375288964 0.0160410108723168, -0.3949085115442410 0.0624399529598661, -0.4554946417479390 0.0775053384705581, -0.4866107721576374 0.0098865973853053, -0.4674054160909725 -0.0126631994906075, -0.3661054436407646 -0.0566702663225896, -0.3499600375288964 0.0160410108723168))", "POLYGON ((-0.3973498564933706 0.1590655723951689, -0.4307725701370341 0.0743337978488973, -0.3446882797695120 0.0472061989639577, -0.3103534462053565 0.0850372083766356, -0.2780605239415216 0.1301713276816689, -0.3350483126985274 0.1911849597139608, -0.3973498564933706 0.1590655723951689))", "POLYGON ((-0.4604687937978296 0.1295780702551688, -0.4122975141513561 0.1281036870760417, -0.3683754454073913 0.2184165960270154, -0.4047199383864121 0.2397601316393132, -0.4482006278933215 0.2661505228711650, -0.4990689893154748 0.1696355557697136, -0.4604687937978296 0.1295780702551688))", "POLYGON ((-0.0190055037526148 -0.0263947813728960, -0.1022975100114321 -0.0373970269217740, -0.1297756904383057 -0.1119361249395026, -0.1164596692143865 -0.1438747530854561, 0.0021142152753801 -0.1312556139130056, -0.0063298919551241 -0.0761221629885880, -0.0190055037526148 -0.0263947813728960))", "POLYGON ((0.0719525246977171 0.0693219660675621, 0.0811016210383143 0.1322734817063451, 0.0507381066861647 0.1649018343987484, -0.0331456771739848 0.1511279793839522, -0.0492912239966026 0.1255608595602522, -0.0319073204160914 0.0745188463144294, 0.0719525246977171 0.0693219660675621))", "POLYGON ((0.1189823012788868 -0.0840798378245109, 0.0583717801879511 -0.0287917053302092, 0.0111472657003404 -0.0786285788194558, 0.0107229579621830 -0.1474831963401046, 0.0469451170883680 -0.1740354553754742, 0.1220437786245659 -0.1262240032901944, 0.1189823012788868 -0.0840798378245109))", "POLYGON ((0.4625316238078932 0.1823007411484904, 0.4637573293962347 0.2639118363444170, 0.4518911042551557 0.2989990744740052, 0.3805232640763228 0.3132222056419730, 0.3662574137659838 0.2370748489298235, 0.3790275446243763 0.1741810364714503, 0.4625316238078932 0.1823007411484904))", "POLYGON ((0.1161131868300510 -0.0813594327544776, 0.2103064970784299 -0.0648766880820432, 0.2005763433428649 -0.0316138029910572, 0.1443704034766263 0.0372226064863330, 0.0938189298195258 0.0496420307508037, 0.0824404733967243 -0.0015463687942118, 0.1161131868300510 -0.0813594327544776))", "POLYGON ((0.1745360125403693 -0.1940279933484969, 0.2432237320026485 -0.2213764325262405, 0.2829369750985667 -0.1411074289748738, 0.2154324424384216 -0.0763609152277051, 0.1567242616474109 -0.0778348279116462, 0.1669592694718537 -0.1653609869378654, 0.1745360125403693 -0.1940279933484969))", "POLYGON ((-0.2607463402228160 -0.0095697084283320, -0.2029460461597095 0.0067398598065108, -0.2062938321347755 0.0888076617020589, -0.2507533189320220 0.1221775483130388, -0.3411910974911830 0.0466526244942688, -0.3178308240638459 -0.0183102332165523, -0.2607463402228160 -0.0095697084283320))", "POLYGON ((0.4969061835094245 -0.2932471222313108, 0.4975808785578433 -0.1900439820704849, 0.4571710348969757 -0.1900300224186973, 0.3834941988751481 -0.2027810354766140, 0.4048074585788146 -0.2805649340879791, 0.4519771316800174 -0.3334576007187341, 0.4969061835094245 -0.2932471222313108))", "POLYGON ((0.3797399247647988 -0.2001576588784148, 0.4420549525259007 -0.1920493708036038, 0.4810169904023169 -0.1380879370318808, 0.4317376497617109 -0.0735511171126234, 0.4057126461138197 -0.0700817082218401, 0.3491154972718616 -0.1456256542275277, 0.3797399247647988 -0.2001576588784148))", "POLYGON ((0.0002238526601245 -0.2776725588891843, 0.0367503142882641 -0.2279155403153761, 0.0419310715769706 -0.1707099787437291, -0.0388387557159625 -0.1365864682046757, -0.0781531501065519 -0.1487193178497414, -0.0455199316325147 -0.2621751874038982, 0.0002238526601245 -0.2776725588891843))", "POLYGON ((-0.3646712303840581 -0.0571383936894533, -0.3615516044378008 -0.1091180883448733, -0.2680054335328433 -0.1261842104788747, -0.2238975021500655 -0.0831640530392388, -0.2605238358358131 -0.0096900968437397, -0.3082031205839245 -0.0213073121742789, -0.3646712303840581 -0.0571383936894533))", "POLYGON ((-0.3249207711760257 -0.2556411735571041, -0.3132311538970394 -0.3122005100816284, -0.2599584674610976 -0.3116441636625653, -0.1985167652828186 -0.2624433278441350, -0.2148076241132325 -0.2225149220790839, -0.2727139962770905 -0.1920141639926759, -0.3249207711760257 -0.2556411735571041))", "POLYGON ((0.4012187366965468 -0.0703846465602428, 0.3409632165388505 -0.0380398171722685, 0.2626208589243782 -0.0281662500427776, 0.2500089042222071 -0.1073244692563095, 0.3188839880076199 -0.1699488906743295, 0.3644870834875078 -0.1048968604240867, 0.4012187366965468 -0.0703846465602428))", "POLYGON ((-0.0646970353003157 -0.1979252249040608, -0.1037944504039581 -0.1607193016754718, -0.1850833917084501 -0.2368335878291032, -0.1705181316959315 -0.2799984332889689, -0.0996825131791515 -0.2999668938601020, -0.0589725445830580 -0.2761577758748459, -0.0646970353003157 -0.1979252249040608))", "POLYGON ((0.2554388384034825 0.1841351739773270, 0.2250775657469201 0.1491175067695176, 0.2734713479560597 0.1020268609854214, 0.3586179799468119 0.1081037029419700, 0.3587453907868985 0.1614949560270940, 0.3262570822022707 0.2237244166068247, 0.2554388384034825 0.1841351739773270))", "POLYGON ((-0.1573153031466286 0.1280457128132344, -0.1507262754942267 0.2193127185188802, -0.2206866919902042 0.2413561782458141, -0.2834435336949280 0.2101458030272076, -0.2474536048300853 0.1371603640903838, -0.2051067542499510 0.0868174408263425, -0.1573153031466286 0.1280457128132344))", "POLYGON ((-0.4027691334263627 -0.0646236121917546, -0.4606611787201458 -0.0258711877197246, -0.4982039361485004 -0.0983067857262164, -0.4717175793121026 -0.1530973976813365, -0.4350361661265225 -0.1805275392290843, -0.3803286195890012 -0.1239853940402290, -0.4027691334263627 -0.0646236121917546))", "POLYGON ((0.4284015655929669 0.0321954105305710, 0.4778759470409566 0.0510698176837625, 0.4972267681761534 0.1470713166974259, 0.4822165875249882 0.1675552967519131, 0.3659162063415820 0.1742825970994145, 0.3605948300770733 0.1308251932153170, 0.4284015655929669 0.0321954105305710))", "POLYGON ((-0.0572723498704403 0.0716136895289465, -0.0788515643434757 0.1541300010148360, -0.1501366708151595 0.1390051454709373, -0.1864983182592788 0.0851937059951065, -0.1554517714054147 0.0437506786690107, -0.0777701912304595 0.0387284577906926, -0.0572723498704403 0.0716136895289465))", "POLYGON ((0.1095648850163864 -0.1363870614928747, 0.0508498160486606 -0.1754266952251075, 0.0478665142135375 -0.2239385815279923, 0.1206483172034712 -0.2421052953124717, 0.1722843670079369 -0.2154746186029636, 0.1576105762683982 -0.1386814238991160, 0.1095648850163864 