{"parameters": {"nb_grains": 35, "grain": {"npts": 6, "radius": 0.07, "roughness": 0.8}, "epsilon": 0.0004900000000000001, "dx": 0.014000000000000002, "dtheta": 0.2, "beta_range": [100, 1000], "time_steps": 35000, "gravity": [0.0, -1.0]}, "box": "POLYGON ((-0.8000000000000000 -0.8000000000000000, 0.8000000000000000 -0.8000000000000000, 0.8000000000000000 0.8000000000000000, -0.8000000000000000 0.8000000000000000, -0.8000000000000000 -0.8000000000000000), (-0.5000000000000000 -0.5000000000000000, 0.5000000000000000 -0.5000000000000000, 0.5000000000000000 0.5000000000000000, -0.5000000000000000 0.5000000000000000, -0.5000000000000000 -0.5000000000000000))", "grains": ["POLYGON ((-0.0085273620629482 -0.4763855910059558, 0.0516229864291631 -0.4995027445253604, 0.1234271068419559 -0.4951972793803248, 0.1423625918510668 -0.4437061244721871, 0.0757385600528134 -0.3636457520226176, 0.0328697464278806 -0.3955513806819190, -0.0085273620629482 -0.4763855910059558))", "POLYGON ((0.3950299536699388 -0.0830528817269224, 0.3781062723061355 -0.0179137931537817, 0.3326512038433211 -0.0197120721217969, 0.2781751476913469 -0.0173649949231015, 0.2778971381309108 -0.1096696970898020, 0.3810985989148021 -0.1408859155420657, 0.3950299536699388 -0.0830528817269224))", "POLYGON ((0.3325276277614753 -0.2907991888363769, 0.3910886737011969 -0.2981732068381483, 0.4354707392859150 -0.2650664929355895, 0.3817100372602882 -0.1734907493016968, 0.3235267911208634 -0.1620946466179259, 0.2713106156730772 -0.2558202168070844, 0.3325276277614753 -0.2907991888363769))", "POLYGON ((0.0056435976606659 -0.3338738723780660, -0.0571369401776987 -0.3331464689878881, -0.1156706631307121 -0.3718933603467834, -0.0651982028018966 -0.4769887585135807, -0.0125850657727676 -0.4789612498329808, 0.0391732243283322 -0.3839831246687426, 0.0056435976606659 -0.3338738723780660))", "POLYGON ((0.0541075738702692 -0.3307740240376352, 0.0807283914686989 -0.3671352417151545, 0.1471794134003357 -0.4051061607303854, 0.1860361906915985 -0.3443752191603967, 0.2016561848935891 -0.2861856609664964, 0.1198440525421550 -0.2747329450882727, 0.0541075738702692 -0.3307740240376352))", "POLYGON ((-0.3330144880493410 -0.3836451397898905, -0.2426462513074033 -0.3926664405833286, -0.2097090314396302 -0.3538406830970717, -0.2787541794708048 -0.2643764631655695, -0.3069485844657244 -0.2763299901400261, -0.3432607487670922 -0.3508197551669034, -0.3330144880493410 -0.3836451397898905))", "POLYGON ((0.0714714758425658 -0.0608678464440476, 0.1437735121270204 -0.0417567064155429, 0.1532098046770466 0.0271917697007166, 0.1166085192829790 0.0530282290594341, 0.0298199907845851 0.0540161615365078, 0.0173245355759608 -0.0147240807975555, 0.0714714758425658 -0.0608678464440476))", "POLYGON ((-0.4989866883976157 -0.3836578589867712, -0.4998408940077008 -0.4572119722476417, -0.4483591869764059 -0.4649171203172857, -0.3819913589381151 -0.4333752405200191, -0.4010236424910372 -0.3770591093934340, -0.4739440691610690 -0.3334811390854595, -0.4989866883976157 -0.3836578589867712))", "POLYGON ((-0.3505646117119640 -0.2091112892969090, -0.3575821577257380 -0.2632963341978055, -0.2566040686754523 -0.2622399824555074, -0.2407296521261846 -0.2251894231577221, -0.2573333419819294 -0.1681503059805402, -0.2958539914645383 -0.1255819603612715, -0.3505646117119640 -0.2091112892969090))", "POLYGON ((0.1430525693329812 -0.4540134878206383, 0.1689851476676716 -0.4808321538438947, 0.2712629983616155 -0.4987070070268273, 0.2728852825991133 -0.4441233437094096, 0.2531926821603959 -0.4064308565111619, 0.1839448591618981 -0.3972802387504402, 0.1430525693329812 -0.4540134878206383))", "POLYGON ((-0.0132992676516829 -0.2176037130942411, 0.0138293810518082 -0.3238401194455939, 0.0302156025682680 -0.3469358827325384, 0.0978600514755204 -0.2908381095914637, 0.0784422208823297 -0.2273034974176915, 0.0186903992175327 -0.1985160675559356, -0.0132992676516829 -0.2176037130942411))", "POLYGON ((0.1001493222376131 -0.2619311992463529, 0.1439592295190319 -0.2696480521973488, 0.1959751036874059 -0.2852719840021172, 0.2146820590773026 -0.1898294317998240, 0.1829890405927315 -0.1403807323401342, 0.1051179094156266 -0.1643073559392773, 0.1001493222376131 -0.2619311992463529))", "POLYGON ((-0.1174590941494643 -0.2224223604680536, -0.1905916999268673 -0.2095148062846919, -0.2469515793957188 -0.2592945134363291, -0.2315966612249444 -0.3263856132835520, -0.1550285644800079 -0.3683942116399898, -0.0985938745998211 -0.3121392024756916, -0.1174590941494643 -0.2224223604680536))", "POLYGON ((-0.1230687906378121 0.0203629465592602, -0.1165541560163428 0.0879255321876644, -0.1953065324145009 0.1220390163251045, -0.2532316572525939 0.1135398117400094, -0.2708290337241120 0.0421091665755707, -0.2250737609510204 0.0038573848403227, -0.1230687906378121 0.0203629465592602))", "POLYGON ((-0.2376187044613171 -0.4772749003028693, -0.2954229936561069 -0.3869096993851186, -0.3512767400528784 -0.4102084025380142, -0.3898981301201008 -0.4402009729765891, -0.3393410719439668 -0.4956879210469551, -0.2563192943848321 -0.4982998540703508, -0.2376187044613171 -0.4772749003028693))", "POLYGON ((-0.3807840176789563 -0.2511946365425901, -0.3557368171589311 -0.1689323666805986, -0.4182946140177899 -0.1502432309375682, -0.4726662281927028 -0.1854166410158936, -0.4991576810433458 -0.2434462768683678, -0.4184452714232844 -0.2620285579773121, -0.3807840176789563 -0.2511946365425901))", "POLYGON ((0.0979461827060732 -0.1754302268289062, 0.0281326293327295 -0.0822204787845743, -0.0277098575478055 -0.1043251723653090, -0.0291473250918018 -0.1301795958054520, -0.0326374542648684 -0.1993826765039453, 0.0750968689519808 -0.1967167707515702, 0.0979461827060732 -0.1754302268289062))", "POLYGON ((-0.2505433363482688 -0.0447397919753405, -0.2812738986761352 -0.1244781305186025, -0.2480493661723970 -0.1492472031043443, -0.1702414626877681 -0.1593701859071936, -0.1577134989678726 -0.0734224153191609, -0.1623966811420348 -0.0120725611108468, -0.2505433363482688 -0.0447397919753405))", "POLYGON ((-0.2214524722931463 -0.4892961565349354, -0.1485845730320969 -0.5000748125720746, -0.0958930514450084 -0.4681690328971350, -0.1064618539489872 -0.3916729727515046, -0.2048425890735627 -0.3471207324457384, -0.2505385683053603 -0.4093553802930571, -0.2214524722931463 -0.4892961565349354))", "POLYGON ((-0.0065287294258056 -0.2497786808282688, -0.0553131088937639 -0.1987148103213729, -0.0992473863335877 -0.2434179759603539, -0.0962328285683130 -0.3331378577947663, -0.0711144010673063 -0.3307548357508628, 0.0050649857274941 -0.3286966864608801, -0.0065287294258056 -0.2497786808282688))", "POLYGON ((-0.0184182062827465 0.1455106496987480, -0.0879834797267577 0.1201527512790216, -0.1217630074329742 0.1017402169069360, -0.0899060720837859 0.0173214810888662, -0.0154063872255696 0.0067981626524756, 0.0472081104500051 0.0709253730511926, -0.0184182062827465 0.1455106496987480))", "POLYGON ((0.2274959891645871 -0.1192765380258244, 0.2124755562502765 -0.1592023526028614, 0.2180370043544372 -0.2181027906971844, 0.2823440017742714 -0.2272159495305144, 0.3333422940570586 -0.1446084280681589, 0.2981375898743568 -0.1162727627975725, 0.2274959891645871 -0.1192765380258244))", "POLYGON ((-0.2422242350511768 0.0119283201115147, -0.2961147887003870 0.0414863229940918, -0.3526083459489217 0.0325000577532545, -0.3831728657558934 -0.0356403139939072, -0.3274183763495285 -0.0619258848030573, -0.2696386550809409 -0.0916780802763815, -0.2422242350511768 0.0119283201115147))", "POLYGON ((0.4975073773517483 -0.4980308357194383, 0.4928719315125615 -0.3911074380899989, 0.4763544629376826 -0.3700868445562558, 0.3786632294003550 -0.3806304721672260, 0.3781729935604116 -0.4894438220100792, 0.3910909971193187 -0.4993850312052193, 0.4975073773517483 -0.4980308357194383))", "POLYGON ((-0.1021932931397719 0.0105733265991202, -0.1500080635800863 0.0100723865328029, -0.1535464634362418 -0.0730601482785184, -0.1127998074786598 -0.1104075800799664, -0.0309036007591981 